-- MySQL dump 10.13  Distrib 8.0.17, for Win64 (x86_64)
--
-- Host: localhost    Database: unisocial
-- ------------------------------------------------------
-- Server version	5.6.45-log

/*!40101 SET @OLD_CHARACTER_SET_CLIENT=@@CHARACTER_SET_CLIENT */;
/*!40101 SET @OLD_CHARACTER_SET_RESULTS=@@CHARACTER_SET_RESULTS */;
/*!40101 SET @OLD_COLLATION_CONNECTION=@@COLLATION_CONNECTION */;
/*!50503 SET NAMES utf8mb4 */;
/*!40103 SET @OLD_TIME_ZONE=@@TIME_ZONE */;
/*!40103 SET TIME_ZONE='+00:00' */;
/*!40014 SET @OLD_UNIQUE_CHECKS=@@UNIQUE_CHECKS, UNIQUE_CHECKS=0 */;
/*!40014 SET @OLD_FOREIGN_KEY_CHECKS=@@FOREIGN_KEY_CHECKS, FOREIGN_KEY_CHECKS=0 */;
/*!40101 SET @OLD_SQL_MODE=@@SQL_MODE, SQL_MODE='NO_AUTO_VALUE_ON_ZERO' */;
/*!40111 SET @OLD_SQL_NOTES=@@SQL_NOTES, SQL_NOTES=0 */;

USE database_queMePongo;
--
-- Table structure for table `usuario`
--

DROP TABLE IF EXISTS `usuario`;

CREATE TABLE `usuario` (
  `id` int NOT NULL AUTO_INCREMENT,
  `nombre` varchar(255) DEFAULT NULL,
  `apellido` varchar(255) DEFAULT NULL,
  `telefono` varchar(255) DEFAULT NULL,
  `email` varchar(255) DEFAULT NULL,
  `tipo` int,
  `usuario` varchar(255) NOT NULL UNIQUE,
  `contraseña` varchar(255) NOT NULL,
  PRIMARY KEY (`id`)
  ) ENGINE=InnoDB DEFAULT CHARSET=latin1;

--
-- Dumping data for table `usuario`
--

LOCK TABLES `usuario` WRITE;
/*!40000 ALTER TABLE `usuario` DISABLE KEYS */;
INSERT INTO `usuario`() VALUES (1,'admin1','admin1','1231314411','admin1@admin.com',1,'admin1','admin'),(2,'admin2','admin2','12222222','admin2@admin.com',1,'admin2','admin'),(3,'admin3','admin3','1235666666','admin3@admin.com',1,'admin3','admin');
/*!40000 ALTER TABLE `usuario` ENABLE KEYS */;
UNLOCK TABLES;

--
-- Table structure for table `atuendo`
--

DROP TABLE IF EXISTS `atuendo`;

CREATE TABLE `atuendo` (
  `id` int NOT NULL AUTO_INCREMENT,
  `id_usuario` int,
  `nro_sugerencia` int NOT NULL,
  PRIMARY KEY (`id`),
  FOREIGN KEY (`id_usuario`) REFERENCES `usuario` (`id`)
  ) ENGINE=InnoDB DEFAULT CHARSET=latin1;

--
-- Dumping data for table `usuario`
--

LOCK TABLES `atuendo` WRITE;
/*!40000 ALTER TABLE `atuendo` DISABLE KEYS */;
/*!40000 ALTER TABLE `atuendo` ENABLE KEYS */;
UNLOCK TABLES;


--
-- Table structure for table `frecuencia`
--

DROP TABLE IF EXISTS `frecuencia`;

CREATE TABLE `frecuencia` (
  `id` int NOT NULL AUTO_INCREMENT,
  `inicio` varchar(255),
  `tipo` varchar(255),
  PRIMARY KEY (`id`)
  ) ENGINE=InnoDB DEFAULT CHARSET=latin1;

--
-- Dumping data for table `frecuencia`
--

LOCK TABLES `frecuencia` WRITE;
/*!40000 ALTER TABLE `frecuencia` DISABLE KEYS */;
INSERT INTO `frecuencia` VALUES (1,'2019-12-15T10:10:30','Unica'), (2,'2019-12-25T10:10:30','Unica'),(3,'2020-01-10T10:10:30','Unica'),(4,'2020-03-10T10:10:30','Unica');
/*!40000 ALTER TABLE `frecuencia` ENABLE KEYS */;
UNLOCK TABLES;

--
-- Table structure for table `preferenciasDTO`
--

DROP TABLE IF EXISTS `preferenciasDTO`;

CREATE TABLE `preferenciasDTO` (

  `id` int NOT NULL AUTO_INCREMENT,
  `id_usuario` int,
  `tela` varchar(100),
  `color1` varchar(100),
  `color2` varchar(100),
  `modificador_calor` int,
  `calor_cuello` int,
  `calor_manos`int,
  `calor_cabeza`int,
  PRIMARY KEY (`id`),
  FOREIGN KEY (`id_usuario`) REFERENCES `usuario` (`id`)
) ENGINE=InnoDB DEFAULT CHARSET=latin1;

--
-- Dumping data for table `archivo`
--

LOCK TABLES `preferenciasDTO` WRITE;
/*!40000 ALTER TABLE `preferenciasDTO` DISABLE KEYS */;
INSERT INTO `preferenciasDTO` VALUES (1,1,'seda','rojo','verde',0,0,0,0),(2,1,'cuero','rojo','verde',0,0,0,0);
/*!40000 ALTER TABLE `preferenciasDTO` ENABLE KEYS */;
UNLOCK TABLES;

--
-- Table structure for table `evento`
--

DROP TABLE IF EXISTS `evento`;

CREATE TABLE `evento` (
  `id` int NOT NULL AUTO_INCREMENT,
  `id_usuario` int NOT NULL,
  `id_atuendo` int,
  `id_frecuencia` int,
  `descripcion` varchar(255),
  `tipo` int,
  `temperatura` int,
  PRIMARY KEY (`id`),
  FOREIGN KEY (`id_usuario`) REFERENCES `usuario` (`id`),
  FOREIGN KEY (`id_atuendo`) REFERENCES `atuendo` (`id`),
  FOREIGN KEY (`id_frecuencia`) REFERENCES `frecuencia` (`id`)
) ENGINE=InnoDB DEFAULT CHARSET=latin1;

--
-- Dumping data for table `evento`
--

LOCK TABLES `evento` WRITE;
/*!40000 ALTER TABLE `evento` DISABLE KEYS */;
INSERT INTO `evento` VALUES
(1,1,NULL,1,'Evento de Fin de anio de la empresa en cantry',1,NULL),
(2,1,NULL,2,'Evento de Navidad',1,NULL),
(3,1,NULL,3,'Pool party',1,NULL),
(4,1,NULL,4,'Fiesta de carnaval en rio',1,NULL);
/*!40000 ALTER TABLE `evento` ENABLE KEYS */;
UNLOCK TABLES;

--
-- Table structure for table `guardarropa`
--

DROP TABLE IF EXISTS `guardarropa`;

CREATE TABLE `guardarropa` (
  `id` int NOT NULL AUTO_INCREMENT,
  `nombre` varchar(255),
  `descripcion` varchar(255),
  `disponible`  tinyint,
  PRIMARY KEY (`id`)
) ENGINE=InnoDB DEFAULT CHARSET=latin1;

--
-- Dumping data for table `guardarropa`
--

LOCK TABLES `guardarropa` WRITE;
/*!40000 ALTER TABLE `guardarropa` DISABLE KEYS */;
INSERT INTO `guardarropa` VALUES (1,'Guardarropa facu','Guardarropa para la facu',1),(2,'Guardarropa Salidas','Este guardarropas es para irte de gira',1),(3,'Guardarropa Entrenamiento','Este guardarropas es de entrenamiento',1);
/*!40000 ALTER TABLE `guardarropa` ENABLE KEYS */;
UNLOCK TABLES;

--
-- Table structure for table `usuario_guardarropa`
--

DROP TABLE IF EXISTS `usuario_guardarropa`;

CREATE TABLE `usuario_guardarropa` (
  `id_usuario` int,
  `id_guardarropa` int,
  PRIMARY KEY (`id_usuario`,`id_guardarropa`),
  FOREIGN KEY (`id_usuario`) REFERENCES `usuario` (`id`),
  FOREIGN KEY (`id_guardarropa`) REFERENCES `guardarropa` (`id`)
) ENGINE=InnoDB DEFAULT CHARSET=latin1;

--
-- Dumping data for table `usuario_guardarropa`
--

LOCK TABLES `usuario_guardarropa` WRITE;
/*!40000 ALTER TABLE `usuario_guardarropa` DISABLE KEYS */;
INSERT INTO `usuario_guardarropa` VALUES (1,1),(1,2),(1,3);
/*!40000 ALTER TABLE `usuario_guardarropa` ENABLE KEYS */;
UNLOCK TABLES;

--
-- Table structure for table `tipo_prenda`
--

DROP TABLE IF EXISTS `tipo_prenda`;

CREATE TABLE `tipo_prenda` (
  `id` int NOT NULL AUTO_INCREMENT,
  `nivel_calor` int,
  `tipo` varchar(255),
  PRIMARY KEY (`id`)
) ENGINE=InnoDB DEFAULT CHARSET=latin1;

--
-- Dumping data for table `tipo_prenda`
--

LOCK TABLES `tipo_prenda` WRITE;
/*!40000 ALTER TABLE `tipo_prenda` DISABLE KEYS */;
INSERT INTO `tipo_prenda` VALUES (1,0,'Basico'),(2,0,'Basico'),(3,0,'Basico'),(4,0,'Basico'),(5,0,'Basico'),(6,0,'Basico');
/*!40000 ALTER TABLE `tipo_prenda` ENABLE KEYS */;
UNLOCK TABLES;

--
-- Table structure for table `prenda`
--

DROP TABLE IF EXISTS `prenda`;

CREATE TABLE `prenda` (
  `id` int NOT NULL AUTO_INCREMENT,
  `id_guardarropa` int,
  `categoria` int,
  `nombre` varchar(100),
  `id_tipo_prenda` int,
  `tipo_evento` int,
  `tela` varchar(100),
  `color_primario` varchar(100),
  `color_secundario` varchar(100),
  `foto` LONGTEXT,
  `disponible` tinyint,
  
  PRIMARY KEY (`id`),
  FOREIGN KEY (`id_guardarropa`) REFERENCES `guardarropa` (`id`),
  FOREIGN KEY (`id_tipo_prenda`) REFERENCES `tipo_prenda` (`id`)
) ENGINE=InnoDB DEFAULT CHARSET=latin1;

--
-- Dumping data for table `prenda`
--

LOCK TABLES `prenda` WRITE;
/*!40000 ALTER TABLE `prenda` DISABLE KEYS */;
INSERT INTO `prenda` VALUES
(1,1,0,'Remera blanca',1,1,'algodon','blanco','blanco','data:image/jpeg;base64,/9j/4AAQSkZJRgABAQAAAQABAAD/2wBDAAoHBwgHBgoICAgLCgoLDhgQDg0NDh0VFhEYIx8lJCIfIiEmKzcvJik0KSEiMEExNDk7Pj4+JS5ESUM8SDc9Pjv/2wBDAQoLCw4NDhwQEBw7KCIoOzs7Ozs7Ozs7Ozs7Ozs7Ozs7Ozs7Ozs7Ozs7Ozs7Ozs7Ozs7Ozs7Ozs7Ozs7Ozs7Ozv/wAARCADIALADASIAAhEBAxEB/8QAGgABAAMBAQEAAAAAAAAAAAAAAAECBAMFB//EADIQAQACAQICBwYFBQAAAAAAAAABAhEDBCExEjJBUWFxgRMUM0JSoSIjNHKRJGJjsfD/xAAUAQEAAAAAAAAAAAAAAAAAAAAA/8QAFBEBAAAAAAAAAAAAAAAAAAAAAP/aAAwDAQACEQMRAD8A+zAAAAAACM4cr7nTrwielPgDsMF9zq9PMTiO7C9d3eOdYkGwZffP8f3J3c9lI9ZBqGG251Z5TEeUI09fVrnpW6UeIN44U3WnbhP4Z8XaJieMTkEgAAAAAAACt7xSs2nkxautfU7cR3QDXfX06c7ce6HC+8mepXHmzRVbAFr31OvaZIqnCcArMZOMLAIhJx8DiCMZMLIBWYItak5raYWQDpXd6letEWh1pu9O3WzWfFlwiag9GtotGazEx4LPO0720uNZx4d7dp3jUpFoBcAAFb26NZtPYDNur5v0I7ObhgmZtaZnnKQTEGCEgAAhIAgSAAAGABBMJRIKu211Ojeazyt/tyRxicxPGAekKad4vSLR2rgM26vwikdvGWhh1b9PVmezkCiUZJkExPFdyz2ukTkAEggAAAAAAAEqTPFNpxCmeALIIlGYBp2l+M0nzhqedpTb2tZrGZzyeiA4a22i/GvCXcB5l9O+nP4owjPe9OYiYxMZcrbbSt8uPIGDpeEr0mY4TwlpnZU+qzluK9HW4d0AgVynIJEAAAJEAJEZVmQRbNp6NeambdsO+1jOvGeyJaY2ujHyfeQYMzPJ209re/Gfwx3y2V06V6tYj0XBz0tGulGKxx7ZdAAAAAAY938Svk2Mm769fIHGEwhIAAAAAEgiUSmVZB12nx5/a3MOz+NP7W4AAAAAAAABl3nOnq1Mu8+T1BnSiEgkAAAACQRKkrSrIO+y+LbybWLZT+ZbybQAAAAAAAAGXecqerUy7zlT1BnShIJAAAAJESCJUldSQdtnP58x4N7z9n+o9JegAAAAAAAAAy7zlT1amXecqeoM0LKrAkAAABCUAiVJ5rypYHXZ/qI8peg87aT/AFNfV6IAAAAAAAADJvZ6nq1sm961I8JBnhZWEgshICEoASgJBWVLc15UsC+1nG5p/wB2PTeTozjXpP8Ac9UEgAAAAAAAMe8n8yseDYw7uc63lAOMLITAJAAAAJCQVlSy8qSCtZ6N4nul67x8cXr1npVie+AWAAAAAAAAYNxOdaze4au3i8zaJxMgxph1nbakcoifKVZ0dSPlkFRPstX6Lfwey1MdS38AgT7HVn5LHsNX6JBAtGhq/RP8nu+r9P3BzlSWj3bVn5fue56k85rAMr09vOdCnk5U2VI43mZaYiIjERiIBIAAAAAAAAAAAAAAAAAAAAAAAAAP/9k=',1),
(2,1,1,'Pantalon de  jean',2,1,'jean','azul','negro','data:image/jpeg;base64,/9j/4AAQSkZJRgABAQAAAQABAAD/2wBDAAoHBwgHBgoICAgLCgoLDhgQDg0NDh0VFhEYIx8lJCIfIiEmKzcvJik0KSEiMEExNDk7Pj4+JS5ESUM8SDc9Pjv/2wBDAQoLCw4NDhwQEBw7KCIoOzs7Ozs7Ozs7Ozs7Ozs7Ozs7Ozs7Ozs7Ozs7Ozs7Ozs7Ozs7Ozs7Ozs7Ozs7Ozs7Ozv/wAARCADIAMgDASIAAhEBAxEB/8QAHAABAAMBAQEBAQAAAAAAAAAAAAQGBwUIAwIB/8QAQxAAAgEDAAYGBwQHBwUAAAAAAAECAwQRBQYHEiExEyJBUWHBFDJxgZGhsSOistEVJkJiY4KSFiQzNENS4SU2RFPw/8QAGQEBAQEBAQEAAAAAAAAAAAAAAAUEAwIB/8QAIREBAAEEAgIDAQAAAAAAAAAAAAECAxEyBCEiMRMzQSP/2gAMAwEAAhEDEQA/ANlAB9fAAAAAAAB8Ee9u6NjZV7utLFOjTlOXsSyzO1tSvJ53dHW8e7enL8jobUdKTttE0LKjNb9xPenHnmEfLODNHmFtGpVotKXqyxhZ8MZNdi1TVGaoZbtyqJxErw9rF5F9bRVCa741WfSW1qVF/b6JcV4Tz5FIoWlKbo3Eq+5TlmTip5lHHLK+ZHlGpWqzq06tN7zziTw0uxGiLFuZ6hym7Xj2v62xWT/8RezpMeR+4bYbCUlCNhKUm8YVVPiZjdxuIVaU50IySlylDMZPszlHb0ta2NG8px0HXq16G4nPpKe7uy7ccEeJsUZxh6+SuYzleI7Wbdyx+hrl+O+kvmSqG0qjV4vRVaKf8WL+hmtKFVUrnpZqMmt9ZfaiXXjVtZzt7p1I1YY3oNOOOGe3yHwUPPzVtGobRbKtdQoOzrR35JOW+nu57S4p5PPM7ilvdWpTTfa5vh7zcdWNIvSurtjeSeZ1KSU33yXB/NMz3rcUYw0Wrk1dS6wAODuAAAAAAAAAAAAAAAAAADHdpF47rWp0YU3JW1KMN6Cy03xa+hW6lJ1aFN1cwpxfHrYbJmsdxWr6zaSnUlJL0qcfcnhfJHNm97GZZx3lS1T4wnV1eUlxdSnTnTjLdpvhiLwiIorOI1pLwyfWcd2LahvewiqdtUnu53Zd0uB3xEOcTl+rmlV6Hq1FltJcOPyJN3WqVLiWZRlJvOWs47D5wh0cqby8KrGXPuefI/ibnHeae81zZ5/XrL7W03Tm+MX1XHDjwZIrz9HcK+4pU360pR3sPxyRYJpZPvQr1aLai+q3xj2MTT+vOX3nWV3RlBzhV3k00muKNa2dXSuNVKUcNOlVqRba9Zt72fvGSNWtV4lZ0X7Fg0fZbcp2d7aqMYKE1NRj2ZRl5MZpy72JxVhfgAYG4AAAAAAAAAAAAAAAAP4f0AYLp1NawaS3k3L0ur+NkBrK5HU1pi6Wtek4PKxcyfx4+ZzM4eCvanxhJubS+FXeUXuY95Be/JfaWu+vDidKSwnz5kesu1SlHHczrLxTL4UKtGjUUqe/Bxy9ya4cmfiU6lWO9ShOW88trgibo/QeltN1p0tH0p3HRwc5rK5HHjCMnFTnUi1wceWDlnvDtjrLpW8KzaUlGPgnkmxoyXYQbWlTpy3ks+LOpTblHgdfxxqnt+Iyhnk0y87LZP8ASl9Feq6UW145KPOlJ8ky97Lab9PvZdkaUY/NmfkY+OXXjzPyQ0oAEtUAAAAAAAAAAAAAAAAAABjO0Gh0OuNy0sdLCE/ljyK7FZfEuW02hu6w0q2P8S3Xyb/Mp8XxKdifCE29HlL8TXAjVl1WTZxzEh1nhNLmacs0e172TWlGrpC6uZ096pRp4hLuy+P0KRrZaw0frTe0IerGvLHjxz5mi7IqS9G0hX/ejHzKRtNt3ba5XPD/ABJKa96XnkxU1f2mG6qn+UOTQecdx0rZ9Vrw4HMtl3HTt11EbM9MdUdvrvbvM0LZjbOFvfVmvWnGKfuM/VPMl7TUdndHo9XZTa41K8n7sJGXkz4O/GjzWsAE5SAAAAAAAAAAAAAAAAAABnG1Sju19HXPfGcM/BmexlxZqm1G16bVqncpcbevFt+D4fkZPHhJlDjz4MF+PKUnPVZBuMSbT7ybF5gyDcNZ4ceJqn0zRHbXNlNu6Wqsq7XWrVpPPel/8ynbZbZUtO2tzjHS0ln3N/maVqRZ+hanaMpY4yoKo/5ut5lM2122bDR90l6s5Qb+ZNoq/rlQqp/lhnNpLMEjr0F1PccayeY5Z2KDxTKWU+UiGOk48u017U+g6GrFlFrDnFz+Lb8zIaabq8FnPLxNxsbdWljb2y/0qcYfBYMXJnqIa+LHcykAAxNoAAAAAAAAAAAAAAAAAAOLrhZPSGqWk6CWZdBKcV4x6y+aMNpyjJKfNNcz0VOKnCUJLKksNHndUPR+koPnRnKm/wCV48jXxp9wyciPUv3B4i12YIVx6zjHm+XtJnKGe9H50bR9J1hsbd8VO4pxf9SNtU+LJRHk9CWlCNrZ0beHCNKnGC9iWCk7YKCq6nxq4407iPzyi9oqG1KG/qNd8M7soS+ZKonziVOuPBiej5ZhjtO3QW9S4HA0dPi0WKxWYcSrnpLmHY1es/S9P2VLHVdaLa8Fxf0NlRm+oVqqmnZ1msqjTePDPA0kncirNTfx4xRkABwaAAAAAAAAAAAAAAAAAAADAtNw3NYdKQjyV5W4fzs30wTTUt/WfS0ly9Nqr4SaNPH9yz8j1CJu/Z8T76qw6bXHRsFxfpMJfB58j8zajTJuokVPXrR+FnEpN/0SNlzWWS3tDc0VXaWk9R71f7nBfeRalyKrtKg5ak3bT9WUH95EyjaFGvWWB2DarKPei0WOVBFasYp1lLOGiz2fqIq/iXPtomzmCbvavalGP1ZeSk7Nf8ney76kfoy7Ey7vKjZ+uAAHN1AAAAAAAAAAAAAAAAAAAPPt9VjLTGkauc9Jd1ZfGbN/qzVOlOcuUYts8029zKpKVaonOU3lrnx7TTx47lm5E9Q6VeolTx4Ha2X4qa7Qec4oT4PsfArdapCpD12njhww0WbZXFw1x35Q607eaz2Z4cTVd+uWa1tDait7QqLr6kaSiv2YRn7lJN/JFkK7r+5rUnSe5LdbpxTf7u8s/LJNp2hRq1l56tHuXCz3lotKmY7vJ4KtRUFVUpZbzySLFayhOPVluy/2vg0VvxLqafsykpaOvV2qss/AvBQNldTft9Ip+sqkMr3Mv5Mu/ZKhZ+uAAHN1AAAAAAAAAAAAAAAAAAB8byEqllXhH1pU5Je3B5jt5qLUVwWEeoXyPMmkaCs9MXlvHhGhc1Ka9ik15Gviz3LJyfxIc8xee47uzh9DrtY7jcVU34uP8rfkV1S3ovBZtncHLXWwePV3391rzNd3SXGjaG5Iqu0urKnqPeqPDfcI/eRakVLafBz1GvGv2J02/wCtLzJdG0N9XqWC2knGeYtYfM7FOeaWHwa5HItknUyuDXOJ0oPqFePSZLTdkjlKnpKT7Zw8zSDOtkMcWGkX/Fh9GaKS732SoWdIAAcnUAAAAAAAAAAAAAAAAAAA83axro9adLRbjGSva3rcmnN8z0iectdodHrrpWKS/wAxJ8fHD8zTxtpZ+R6hASko8KTx3xeS3bMUp640Gs9WjUfH2IpcVmKeWvYy8bLc/wBr6abzi3n5Gy9pLNb2htJUtqFV0tRrvH7UoJ/1J+RbSobU1+o10+6cPqTKNob69ZYXCNFzTzJSRNdWShnpF70QKOd6L5k2TfRYZXhM9tV2QP8A6ZpDv6aP4TRDOtj+P0dpFdvSw+jNFJV77JUbWkAAOboAAAAAAAAAAAAAAAAAAAed9oC3dfNLL+LF/GET0Qee9pUej1+0j++4S+5H8jRxt3DkR4uDDO5wbXsLpssbWuVPLbzQmuPuKTCWKeS57Lp410orhxozXD2I23frlko3huBUdqP/AGJeP96H4kW4qW1BfqJe+2H4kTKNoUK9ZYJSbTXHgTVLqECjLDaxkmRb6NFdMa/sjo7mhbyr/wCysl8F/wAmgFM2WUei1PjLHGpXnL6LyLmSbs+cqVvqmAAHh7AAAAAAAAAAAAAAAAAAAMB2qx3dfLl99Om/kb8YFtYl+vddd1KH0O/H3cb2qqwfV4lv2aVVT11se+opx+635FMhIs2oFXc140Us/wCq191m+5pLFT1XD0IlhFU2nLOot97YfiRa0VLafKC1Fvd54zKCXt3kSqNoUatZYHSe7mXOL+RJi/s48iLFt/aJpY9ZH1zwXtLCbLf9ndLo9SbBvnNTn8ZMs5wtS4bmp2iUuH92g/isndI9fdUqVGsAAPj0AAAAAAAAAAAAAAAAAAA+RmWvGzbSesGnamlLKvQlvwjFU6knFxx48UAeqappnMPk0xVHauU9kesO+lKnbpdr9I/4LZqrswehdJ0NJXt1CpUovehTpJ4T8WwDpVermMZc4tUxLQo8u05OtGhFrDoC60bv7kqserLsyuKz7wDjE47dJjLH6uynWahPq28KnHnTqxafxwTNHbKNO3NxTV1Gla0k1vylJNrvwlz+IB3+evDl8NGWyWVnT0fZULOgmqVCnGnBN5aSWESADO7AAPoAAAAAAAA//9k=',1),
(3,1,2,'Botas negras',3,1,'cuero','negro','marron','data:image/jpeg;base64,/9j/4AAQSkZJRgABAQAAAQABAAD/2wBDAAoHBwgHBgoICAgLCgoLDhgQDg0NDh0VFhEYIx8lJCIfIiEmKzcvJik0KSEiMEExNDk7Pj4+JS5ESUM8SDc9Pjv/2wBDAQoLCw4NDhwQEBw7KCIoOzs7Ozs7Ozs7Ozs7Ozs7Ozs7Ozs7Ozs7Ozs7Ozs7Ozs7Ozs7Ozs7Ozs7Ozs7Ozs7Ozv/wAARCADIAMgDASIAAhEBAxEB/8QAHAABAAEFAQEAAAAAAAAAAAAAAAEDBAUGBwII/8QAPhAAAgEDAQQIAwYDBwUAAAAAAAECAwQRBQYSITEHEyJBUWFxoUKBkRQjMlLB0RWx8DNDY3KCouElREVi0v/EABcBAQEBAQAAAAAAAAAAAAAAAAABAgP/xAAgEQEBAAMBAAICAwAAAAAAAAAAAQIRMRIhUQMiQXGB/9oADAMBAAIRAxEAPwDswAAAAAAAAAAAAAAAAAAAAAAAAAAAAAAAAAAAAAAAAAAAAAAAAAAAAAAAAAAAAAAAAAAAAAAAAAAAAAAAAAAAAAAAAAAAAAAAAAAAAAAAAAAAEASCABIKdetTt6FSvVkoU6cXKUn3JcWaZU6WNnITaULupFPClCnF5+Tln2Emxu4NZsOkPZjUJqENRVGb+GvCUPdrHubDSuaFxBTo1qdSL4pwkmhoVQU4VqVSc4QqwlOm8TipJuPr4HsCQQSAAAAAAAAAAAAAAAAAAAEHE9d6Xdclf3Vvp1S2t6MKso0qipb0mk2k+Lx7HXtcuZWeg39zF4lStqk4vzUXg+V58Ztm8YNoqdIG2FafHaCpj/1Sj7JEw2/2ypLsa5Vl/m3X/NGrJvxPXHxf1N6g2evt9tdfW9S0vNTlUoVouFSO5TW9F81lLJaUrGlqNFq1pOncwWeq33ip6N9/kYaDeeLf1LiO8sNSaxyLoUmvvHBSlGcXh06iw0/AmM5KWctNePNE1oxuJN1m99/3nf8APxKcJyU3RuOaXCp/XMDIWWsalYVnWs7+vRqPnKFRpv18TYLDpN2rsaibv1cwXwV4KSfz4P3NTcHBJppp8mmeorKGoOl0umrUE06mkW9RL8UYVJRk/TOTYbTpk2ZrWcKteN1RrSluuj1e8155zjBw+e9HiuaKFZVN3fTy/i4cjPmD6xt69O6t6dxRlv06sVOEl3p8UVTnvRTtfb6ppMdCrTULyxjiCb/tYeK81nH0OhHK/AAAAAAAAAAAAAAAAAwW21RUtjNVk3jNtKK9Xw/U+Y5PtM7x0v6nK02et7OEsO6rZkvGMVn+bRweT7bOmPBKZUKa5no0PSZcUp5W6y2TPcZYawUV5rEW34FtUdWpTyuzur54Lr8cclvUmoPDaxyYHmjWdpTp78FKE5NyjJcGi6k6Sq4oylKLWUpc1+/qUqd26dN03SVSn3qa4HqFJq3VSMYKEXlZqcV+uAPbSkUZSUJfLwJld781vQUGlh4fPzPDkpT9FkKvLO9lpmqW+o6RKtb3VGSl2uMX/wAeR9DbIbV2u1WlK4pyjC6pvduKCfGnL08H3Hzcqi4cN6UHleHzNm2f1mlb1oS3pQrRaarb73s+q7vLkZs2PosGr6BtlS1JTp3sadCceMasZrcmvR8U/wCsmfpX9nWeKV1Sm/KaOekXIITySQAAABBIAAAAABxnpsvHLWdPtU+zToSk15yf/COVvmdI6aYtbVUZPk7aOPqzmz5nXHivaJIQyVHpM9JlMlMC4hPmhKCabxxKdN9o9TllYbaz4FFOpJzlGEVlle3fUzU3CNSa5Oayl6IozShGOM/i4nqM+PCL+ZBkJ3VveYjeW8MrlOmtyS+n6nqWz8qsOu064jXXN0p9ma/R+xZwo1Kj5YMlZUHSkpOrj0KrEunKlJwq0pUqifGMo4ZTt6jjJrPFM3aNS1uaSpXdONeK5dYstejLOpsxptap1lpcyoN8d2Xaj+5DTGWut17ZYi+HmZS22kknmUmn5Ms7jZbUYcaKpXK/w5pP6PBYVtK1C3TdWzrxS5vq20vmD5blbbX3NLDp3lWGPCbRmLbpH1CilF3KqJd1SKfvzOVKo+6Y66a+NjUNu0W/ShU4dbQoyXk3EydDpK06eFXoSp/5ail+xwT7Q++o/qeJXC/NJ/MnmD6c0zaXStWmqdtcx61rKpy4Sfp4mVPmHZa4v6W0dne2kak1b14Sm0+EY545b4Lhk+ktL1S21ezV1aS3qe84580c7qU1er0AEQIZJDA4Lt1jaHVK03epXNrUlRxLjBpSfhxj9DS62k6hQi5ytnUgsZlSamvY6ZtjsbVhqVxf3dncU41KkpfbLFb8Wm8rfisuL88Y8zV6ek6i450/UrS/iuSb3Z/18yTKx2845NRUkm4tOMlzUlhhyS5s2e4+10E4alpNTEc5k6aqRWfBmO+zaPXyqbdGeF8TT/3cDczS/j+qxKnDwYUoP4sGRqaJUcn1FenKLy0p8Hju48ixuLO5tc9fbzgl8S4x+q4GplKxcbOpj2XlcUHmfBZLePjFtehU35S4Sm8fQ0yqTlndj+Xmz3Co1yZQfB8ORUpThH8XEC6jcSRUV1NcmWzqUn34I3ofmKq9V5PxKsdQnHvMcnHHFhzgu8G2apa1Vp8pF3T2qr0+TZrLrxXJZPLumuWEDbZrvaWzu4NX2nU67fxNYl9VxMHHSqt3N1bZqFvKWE6kstfRCx0nUNUqR6qk4Qll9dWe5DHq+fyNvs6FvbWFDZ2jWnVne1oRlOK7Tk2lmK7kv0OeWWviN447+a1laHaUY5ur1uSfFQSjHHq+PsXFrQsZfdWGm1LuopfihSlVl5eXsdv0zo42W0ySqR0yNzVX95dN1Xnxw+C+SNko21C2goUKNOlFcowiopfQx/qe5ORxDTti9rtYxTpad/Drdv8AHdPcS81BfsdZ2V2dWzOjqwV3VupObqTqTSXaeM4XcuBmgEuVvUgAMhBIAjBiNT2T0HWKnW3ul0Klbn10Y7tTPjvLDMwANJuujtwlv6VrV3b/AOFcYrw98S9zGUeiv+I6nKvr87eVGFNxj9j3oSqSfxSzyx4cTpIJr+WvV1pyPUuhe7tnKpoOs8Oao3Sx/uXD2NUvtH2p2e3palo9dUoN5r0FvRx4trKxjxwfQ5GMl70mVj5h6vR76KxCNOTwt6m+rkvlyZSqbOz/AO2u6cnx7FZOEuHnyyfQ2r7E7Oa2pO90qg6kuPW011c8+OY4z8zTr3oZpxlvaTr1xQiuVOvTVRfVNfyYm5ytesb2OQS0TVYpv7HKSS3uzKMuHyZ4ek6ot7/p1y91bzapN4XidLr9GG2Fv/Y3Om3X+qUW/ZFlLYPbmn/423qY8LhfuX1kaw+2hLSNWlJQWmXbk47yXUy4rx5ER0rU3u4say3uMd6O7n6m8vYvbnOP4HBeleH/ANFansFtvW4vTraln89dfo2X1kusPtosNG1WphfZt1N4zKcVj3K9PZy8lFyq16FNp43d5yePHgsG+0ejHbKvwqXOn23+pv8AlFmVs+hy6n2tT2hqZ/JbU8e7f6E3kn6Oax0GxouUru8qTh8O7iCfrnJcwutHta0Y2FjTnWl2YRUHVlJ+W93+h1/T+ibZWzmqle3r31Rcc3NZtfSOE/nk2ix0bTNLjiwsLa14Y+6pKL+qJ3tPcnI45p2yG1+v1ISdm7Cg0vv72XaS8o8/Y6NspsFp2zU3dznK+1GX4rqquMfKK7kbSSP6ZuVy6gkAMgAAAAAAAAAAAAAAABBIAgEgCASABBIAAAAAAAAAAAAAAAAAAAAAAAAAAAAAAAAAAAAAAAAAAAAAAAAAAAAAAAAAAAAAAAAAAAAAAAAAAAAAAAAAAAAAAAAAAAAAAAAAAAAAAAAAAAAAAAAAAAAAAP/Z',1),
(4,1,3,'Gorra de ferrari',4,1,'algodon','blanco','roja','data:image/jpeg;base64,/9j/4AAQSkZJRgABAQAAAQABAAD/2wBDAAoHBwgHBgoICAgLCgoLDhgQDg0NDh0VFhEYIx8lJCIfIiEmKzcvJik0KSEiMEExNDk7Pj4+JS5ESUM8SDc9Pjv/2wBDAQoLCw4NDhwQEBw7KCIoOzs7Ozs7Ozs7Ozs7Ozs7Ozs7Ozs7Ozs7Ozs7Ozs7Ozs7Ozs7Ozs7Ozs7Ozs7Ozs7Ozv/wAARCADIAPkDASIAAhEBAxEB/8QAHAABAAIDAQEBAAAAAAAAAAAAAAECAwYHBAUI/8QAPxAAAQMCAwQHBgQEBQUAAAAAAQACEQMEBSExBhJBUQcTImFxgZEUMkKhscEjQ1LRU2Jy8BUWM5LhY2SCorL/xAAZAQEBAAMBAAAAAAAAAAAAAAAAAQIDBQT/xAAjEQEAAgICAgAHAAAAAAAAAAAAAQIDERIxBCETFCIjMlFh/9oADAMBAAIRAxEAPwDsyIiAiIgIiICIiAiIgIiICKFDnNaJcQB3oLKF8u92mwTD5F1ilsxw1bvhzvQSV8HFekzBbazc/DqhvLj4aZa5g8SSEG5KVxip0tY624k07NrJ92OHjK2G26X8NNJjbi0f12729x7d2e6TKDoyLRqHSxgVSOtpV6U8ey6Pmvr223uzNyARitKkTwqgtj1yQbEi8dvi2HXYHs1/bVp03KrT916gQRIKCyKEQSihEEooRBKKEQSiIgIiICIiAiIgIiICIoJhAWK5u7ezourXNZlKm3VzzAC1Xa3pCw/Z0OtqEXV9GVNp7LP6j9lyDGNocWx+4dVxC6duk5U2mAPJB1DHeljC7EupYbTdd1BlvnJnlxK5zi+2uNY24m4rODJyYDutHkPuvhCmBoFYgNE6QqLGvWcSd8DwC89U74O84nvKOqFx7uSiROkoMPUMBkTI4r2Uq1JpDa9No5OAyKwz3KCJEcDwQe1zaXBo11hV3WHuXmpVDSO44zTOQ7llJ3XAahBkb+Gd5ri0jQgwV9aw2nxzDi32XFLhoHwudvD0zXxQ/im9xnNB0jCulu+oEU8VsmXDf4lE7rvTRb3ge2WCY+2LS7DKw1o1huPH7+S/PgeQAOZzWWm/OWuLC3iNQoP02i4xs30kYjg5FG9Dr+zHFzu2wdx4+C6xhOM2GN2YurCuKrDqOLTyI4FB70REBERBKIiAiIgIiICIiAiKEAmBJ4LmW3PSMWGphOBVB1nu1roaM5hvf3qekbbh1PrMCwmtu1M23NZp93+Ud/Ncwa3dy4BUVkvcXOcXvcZc5xklSGKwACsAqKbvcvPUO8Z4fVeiqQG+OQ7ua8zjmgqBkpDVISIQABOYU5So5qSAgq4AghSz3d06j6KYVSIIOkILcNcweSnez/4VZ4xPgUMjn5cVBcZAa58VIbo08TJKqDnmSRporiO/mgyMcCc8mg6TqvpYNjV9gd629w+qWGQC2ey8ciOS+W1pkAnTMrIyIl4IaOE/VB33Zfam02lsuso/h16eVWiTm08/BfcX55wbFbvBcQpXli8sqNcSQdHt4g8wu64HjNtjuF0722cCHCHt4sdxBUH0kREBERAREQEREBERAWq7ebUnZ3CNy2I9tuZZRn4ObvJbQ5wY0ucYAzJXANrccOP7R3V617nUA7q6AOgYMp8zJ80Hx3uc8lz3FznGXOcZLidSUzjVVLs/BJkrISFYaZa8FGSy0re4rH8GjUqR+hpKI8tWS8ngMh/f96LAV6KlN9IltRrmu5OEFYI7kVUKwCbuSnmgHU96hWIyPJQREoAz1UzGY4KOKnhCCgjMFBBE5yoIgzyyV+0SDOR/v9lBWc8ic9AQsgdI94SqTw3x5qQSDmBzKDLqIkE6K0AHtDsjQQqiQfcyOqsAGgCA0DPONUGZjyAXuOZECTC23YbaF2BYyKdR27ZXJDKo4B3B3l91p7HbpDzO8REAr0M13X5CJKD9IAhwBBkHMEKVqnR9jf8Ai2z7KNV83NoereJz3fhPmPotrUBERAREQEREBERBrW32LHCdkrt9NxbVrt6mmRqC7In0lcIyGQGXBdP6X74gYfYNd729Vc3wyH1K5dJmFYEhZbamatxTp5w9wBjlxWKYhfSwKj12JtO7O40mOc5D5kJM6jY2622Zwa26nr6j6ldzQ7qKNIvfMaR+y+5TsqFKmAzZ26qtHGoWg+krYLS1o2NBtKkxrcgHOAzceZWp7YXV7b3FMe2tEy6lTYC1zMwA4nxIXIp5lsuTjX09E0pWN628mL4Zg9yAy5F7hbnZN9ppE0/IlfDudhqwYa9vcULi3Gbn0X5gd4K6fZGpVw2j7VFR76Y6wEanvWq7U2tnhTqNS0Z1Jq7zqlNh7MNEzHDONFcHmzfJ8OYLY6cd9OXV2tpXVaiw7zaVRzA+PegxKpwj5ISS4uOZOZ881HHn5rrPOsePmhOqr3oTHzVCc1PDKVWc1M6oIdJUMILcxMc8lJVWntObOveoLwQS7cgd6jJuRlpJmdEJlsl+RUAz7r55oMrS2AQ+BPkso7RgOB5hedrnA+7msgc0jNp9UGYVInMAng4wsrHbrhz1PksDXQBBn5EBZaZygacRp8kG7dHGIGz2obSc6G3tIsM5ZjMf33rsC/P2DXPsuKWdyCZp1mvMeP8Ayv0A1wc0OGhEqCyIiAiIghSoUoCIoQcX6U6/W7ZGn/BtabfUk/daUe5bV0kGdvb8fy0R/wCgWqkZqieK2bYqgKuJUyfiuKbT4CT9YWr5rbNhXAX9A/8AdNHy/wCFqzTMY7LHbeNo/b7mq23tW7rKdN1bWHOLS3MRrG8MlrtjQbjONUqd5cE734kuM75HwrfXUqZr06zh26YcGmdAYn6Bc8xKjcUtoK9O2pbpbU/Ba2ZJ1Plp81x/DvFqWpHqddt+SNTtvJvXDGRh7WdkW4ql3iSPt81pPSDej2mvTa4fgWwp/wDk8z9IK2qwbWotr43iTmsqPoBpYNKdNpJieJJJPmuWbT4g+5rw/KpcVDcVROgOTR6T5AHir4GL702/Rkt9OnxJ08lWZiO5VJyQcPJdx51gUCqHaeSSgmc+asqKdPBUSdFRx7YPrwVpkfusVQwQZ0PioMgcBILZjRQSSD2Bpko3jPKQDn/fcpMj48zqgyUg5x3WznwBWcsqNlpMRzXlovY1zmvkgjIjhCz1KrXkOOsR4oLD3+TvDIrK1x49kDOdPsvOHAgSZb6wsrJnKHjiBw+SD3UHO6s5SRnIzz5L9BYPX9pwe0rEyX0WknyX56okuYZOWmYzPJd82We2psxhrm6G3Z9FB9ZERAREQEUKUBERBwXb94qbc4m4O3oqMb4Qxq1omSVsvSBS6rbbE4bu71RrvGWNMrWJ7RVF+H3X29lbrqLuoMt5m7WYO9pz+RPoviTwBV7W5faXVOuz3mGY58x5qTG41I7bd1rW5qWofbC4pPG+HSexIyyGsweWi8NsKFriIvBZ1GvuJospNglpkEl0mZIjIaALy7LYxaVKNGhWe3dIm2qP+bSeBCxbR7TW1syq7Di3rAC192fdZz3ObjpP1XA+XvGSccQ9HONbYtsceoik6zBijR7VyRxd8NMczOvkuV3Fepc3FS4qnt1HFx7u5evEcRq3rw1zvwWElrQILj+p3Mr55Mrs4MMYacYabW5TtBISc1Hii3sVk4BQTxUSgsFIKrKkFALtViqHsnu71kJzlYn5h3ggkEFo8OSkkRk0+KpTksCv2t2MhCAz3wGmJOh0C9LmuaG5NcHCQ4LztLqdTeLQ7uKzNcXNDQ+AOE6KCWzOWRGrSdVmZ2id0BpCxtB0Mg8DESszRJ7QzGhnJB67d0MMAaHUkZLuOwlbrtjcOd+lhZ/tcR9lw6g4dWc8s8wePJdo6N3h2xlqBPZqVBn/AFlBtSIiAiIgIoUoCIoQcN6Sp/z1fZ5btL/4C1E5OMLZ+kC46/bPE3xG7Vaz/awBawM5VEtk+qhwKy02zwV9wcVRmsMVr4e14DW1KLm9qk45E8xyKw4hiFxeVd6u8Q33WNENZ4D+yqPp9kxoSBHmsDx2jOqmhiLpH3VCVZ0AKpKCNZzTLNSUIQQSgUlqghBM8VBdCiclUmUElyrmXKwaSrbsIMNJpLeUd6ytaM+14qGgdoHhMZq0burdNO9BLYiW5tPw6LIIJGUDmsY7+y7mDosvaykAjvQWAEcx3jMLK0kAgElp7tPNY2uO9OhjMExIWUw4bzcjxbzQeig6GGZJju05rsnRdVNTZLdJB6u5e3LyP3XGGGA2ZGUhwyXZOiy0r22y9R9am6m2vcF9MO4t3WifUFQbqiIgIiIIUqFKAoSVpW3u3NHZ+2dZWVVr8QqCIBnqhzPeg5v0nW1PD9r7k29dtwbg9bUYDnScfhP1Wn+0VR+WfVemvVq3VZ9as9z3vcXOc4ySVTcHJUVZfVWflH1VjiFX+CfCVcUQRJyUbjQVUY34hUMTQdkZ0lYn3xcc2vHi1endA4eijdGfNRXj9qYTm6FYVWnRwXoLQRET3QqOt6Tvym+gQVD54qd4J7JSnJpB7iq+yMjJzvIoLFx0USo9lH63z4obWR/qP9UDeyyVVb2TjvuQWeXvv9UDf7lBqxxU+xT8Tj5qRYsOsx4oMfWw9wBAnnxyWR1dpgb/AAzE5KW4fSLs5jxW1bFbGf5jxTqXN3LWjnWqRn4DvKg1n8mXO3h3lQHMkQ/MZLtjeh7ZwZ79zJMntD9l77fov2YoRvW1Wr/XUP2QcIa4gCGu7naL7mGbL47jZHslhUcwkfiOaQ3xk5LuVhslgGGOD7XCrdjxo9zd9w8zML64aAIAACDl2EdENRr2PxXEAWaupUW5+ErptChTtqFOhSbu06bQ1o5ALKiAiIgIiIIRJWh7d9IVHA2HD8NcytfPkPcHZUR+6D07d7eW+ztu6ztHCpiNRuQGlIcz39y4hXuLm+uX3FdzqtWo6XOOZJVqlWteXD69eo6o97i5z3GST4q7AxmsHxQUZbPPEeqsaAaM1kNaREhYy+DkVUQ4cljgqxJ1VZgcPJUN0wqmd7PVSSiiqxxUmAkeqSqJn6KNQmilBEeCtujkn0VgMtFBG7zVwOaQg7kEhoUHkOCkngpo0qtesyjSpuqVKhhjWiST4IPThWGXOMYhSsLSmX1qroHIDiT3Lv8As5gFrs7hNOxthJGdSpGb3cSV8jYXY6ns3h4r3AD7+u2ajv4Y/SPutshQFKIgIiICIiAiIgKCYEnQKV8raCzub2w6u3c8iZfSY7d60fpJ5KTOoGtbUbW310KuF7MUTWre7WvSYp0eYBORK0Bmwtes51W7xe3NV5JduhzzK6hheyQ3GvxUtfHuWlIxSZ4/qPjl3LY7e1oWzNyhRZTaODWgLTrJbudMvThtTo+uQ3eoX1tU/q3m/Yr5d3sjjVoC51q+o0fFRcHj5L9EuYx4h7Q4d4leephtnVnet2eIELLWSOpT0/M9SjXovIqNLSNQ4QVTeOhEeC/QmIbH2N60iA4H4K7BUb66/Nabi/RZSM1LQVbc/wDTPWs9D2h81edo/KDUOWb3f6qd7nPovv4hsZi9iTu0W3LBMmjmY/pOa+C+k+k/cqMdTdxa4QVnF626k0gZjL6qQPNRBHf8lIMH91khBHFAPBJngk8z6hBMHkgHOEkE8PJAYQWA5JvGearKlBYGQhJ0CrwV6VKrXqtpUWOfUeYaxokkoDWmoQA0kkwANSV2Do92G/wqm3FsTpg3lQTSpkf6I7/5voq7B9HrcLDMUxdgfeETSonNtLvPN30XQQIUBSiICIiAiIgIiICIiAoKlQgIiICIpQQilEHnuLK2umxXoMqeIXwsT2LsL9rmuYyqw/BXZvR4OycPVbKiwmlZ7XbkmLdFYY5z7R1WhyE9az7OA9VqV7sfjNkTFBtw0ami6T6ar9DkLBXsra6bu17enUH8zQVjxtHUm35lqUqlvU3K9J9J3J7SCqgNdnPqv0RdbK2FywsIJYfy6rRVb6OBPzWtX3RRhVy4uosbRJ/hPc0ehkekKxa0dwenHCzjIKRHKF01/Q+4mKd5Ua3+bdcqM6HbiM8RIjlTH7q8/wCGnNtSJKjLQarrNp0O2LSDd31d44hkBbVg+xGAYKQ+1sKbqo/NqS93qdPJXlM9QOQYDsLjmPPa6nbm2oHWtWECO4alda2X2GwvZqmKlNntF4feuKgz8ByC2RrQ0Q0AAcArJrfaIUoiyEKURAREQEREBERAREQEREBERAREQEREBERAUIiAiIgJCIgKURAREQEREBERAREQEREBERAREQf/2Q==',1),
(5,1,4,'Panuelo de seda',5,1,'seda','dorado','negro','data:image/jpeg;base64,/9j/4AAQSkZJRgABAQAAAQABAAD/2wBDAAoHBwgHBgoICAgLCgoLDhgQDg0NDh0VFhEYIx8lJCIfIiEmKzcvJik0KSEiMEExNDk7Pj4+JS5ESUM8SDc9Pjv/2wBDAQoLCw4NDhwQEBw7KCIoOzs7Ozs7Ozs7Ozs7Ozs7Ozs7Ozs7Ozs7Ozs7Ozs7Ozs7Ozs7Ozs7Ozs7Ozs7Ozs7Ozv/wAARCADIAMgDASIAAhEBAxEB/8QAHAAAAQUBAQEAAAAAAAAAAAAAAAEEBQYHAgMI/8QAOBAAAgEDAgQDBgUEAgMBAQAAAQIDAAQRBSEGEjFBE1FhBxQiMnGBFSORocFCUrHRJOEWYvCC8f/EABoBAAIDAQEAAAAAAAAAAAAAAAAEAQIDBQb/xAAvEQACAgEEAQIEBAcBAAAAAAAAAQIDEQQSITEiE0EyUXGhBRTh8CNCYYGRwdHx/9oADAMBAAIRAxEAPwDYqKKKACiiigAqF13izSOHiqX1yBK4JWNRliP4p9qzagunuNLSNrttk8U4VfU1ifEcOu6U882s28j3Mpx4jnmRx02PTHpt16UxTXGb8mY3WSgvFZL9D7V9GlwWtrlVP9QUEf5pzN7UOG4YfE8WV/NVTJFZBosXuWbu4tjdxnOYkRmUEj02JFdTaldeC0crObdzujRFFXfbAGAPpWkqo5wl9ysbOMuX2Ndi9p3DrBWlkmgVv6nTp+lWizvbXULVLqznSeGQZV0OQa+ZpkSe7wZsordTsDU/o+u8QaNdGTSZRJbI2HK5ZH+1E9OmsxKRva+I+gaKpmg+0Wy1OaK3uo3gaU8qy4+At5E9j9audJtNPDG088oKSlpKgAoqqcU8eWPD2IIQLm7LhfDB2H1NUvUfaRrd1cG3hkhsI1Xmkkx8v0J/1W8KJyWTKV0I8GvgV0KwGHifiURNeLrd6FdsIWPMD9jsKsei61xjq8iad7/M00ikluRVIHqQNvtvV/y0lzkp+Yh0avBcRXBk8Jw3hOUbHZh1H716000qxGm6Zb2YcuYkwzn+pupP3Oad0s++BgKKKKACiiigBaKSigAoopaAEpaKKACoDim8uIdOaO3wpfYuRkCp+q1xi/JZRovUkk1ev4kZXZ2PBlN9rU+nu0l5dSSAPhVB3an6cQ2nECNBbII3C8zK/Uj086rXFWnXSQW96yMYnzkjoN9s0nAui32qa6k1vExjgBLNjbOMAfX/AFW83u5Fqqko/UaX9jL4jINipPLkbGhbm/S0SeSaSyHKRGyfDzYOMZzWt3PBTTRFpYUVmOd2A61Xbr2a3U0uHmPg55gnOBv59arC1ro0cE+JFH0m5tzBPbMS80gzGOY/E2Dtt55I/SrfqnFmrXEsUX41LC1nbIZFiflLNygtnHzEd/WuH4A07Tbee8mullWEE+7xybsR5sOnnVev9OmMLz+7somJeGUfKQBkr+xq8XGUslZSaWEy8cJ3moW01vf2+rLJa3Urobe4c5bB9T8xBG/nXrxV7QLmWV7DTZVhYSYZTlWZBg55jjGf3FUjSZIJuGri3vOeOS2mVomVh8PNsSRn6b9KjdSkl1W6nvzF71GgjV5SSpJCgfxS8U1MeahKK5wSuoalNc6ob9dLM5UcoeQl0LnvnfJ9M1Fy2kl4PHlnN1c3EoU+Gp5cnYDOMeW1cWsNu0wWFI+aTCKGY/Cex36b7b1ZeENGfVOIJY9Stnhkhj8SJZIyhflbowPUit5WzzyLKmuK8XkktM4V1HXmtYLfli06AgvcgZTbYhD/AFdDk1qei6NZaJZrBbLlsfHK27OfU/xSmZLewhcDlXlC8q7AD0FRRM1xbTRFyE5Sykn5cVlKyc1hvgqowrawuSzg0uar2mhrFvElmYx4BPMcAfWp0PkVnJYZtCW5ZPTNJmueajNVLneaK5FLmpAWikooA6ooooAKKKKAPG6uo7WNWkOOdwijzJ6Uy1zTlvrQfBllHWvPVrO6vdT04Rr+RDL4kjZ6Y6VM4BGKt1hoo1uyiiQto0CrFdpI0ybGNhhT22NeOqcY2mjxeHaQxQk7BYgMmpPinhh9SVjaTG3mwTGw6c3kfrWUcR6jFpNy1q1lJbyocMsh5pH9S3l9KskmxaTnFYRLahxhqd3IXYmIHb1qIuNXvJ4vzbiR+XcFnNRtnqI1JuRYSGHbqDVk07h8uBJOvNz7KoGST5CtcJCrUs8kK19qGojwCzupGBgfatUtdFWXhaHTbxCrmDlY4wyk5/cZrjQ+GYbIJcTxKJRukePk9T61PlDWM5r+Udpqa5kZNJwRrjq1nPaxSZnAW4RhhU6E4O/TtWh2/D+nW+gNo0cIW2aMo2PmbIwWz5981KeGfKlERrOU3J5YyopLCMN1SxfgzWJEJLPnmjYj5lztj+aeW8Fzq8WI444/EyYkgYB0GNgQCMjGxyK0vijhaHX7AqQq3MYJikx38j6GsZvo9X4b1kNMPBmtzsOzD+QaZUvUhx2hfbsnl9M032b63f38NzoWp8zm03R3zzrv8pzVxRORC5Pwjp61nnsokivWvJYFYXErqJvJE3PU9STt9Ku/Etw8FqBGcAnFRw5cFLFjkS+1C1htJXuDzQcpEgA5sjG4x3qcsb231C0iurSVZYZVDI69CKzN9QiiYx3EuA4JVT3Ip9wlqDQ3mUIVJTuP78bZNROGeitVqjw/c0fNKDXCMGUMOhpawHj0BrrNeQNdBqCDuikzRQB60UUVIBRRTee+itbiOObKLJsshHw83YE9iaAHONqBRR3oIM59qnEmoaR7tZWM7W/jozPIux27Z7VT9D1CHjW5j0biGNbqd1It7nGJAQOnMKvntM4VudfsobqwXnubbI8PIHOp8s96pXBXBGtxcR22oXtm9tb2z85L7FiOgA+tMpx2GTzkkrX2ftw/dmWFWmh3Kgj4qtWk29pHKwUhrlNjzDBA6ZUHt696styviRhiMp3FRFxpSXRztlTlXBKsv0IrFybWCu1RlkeIld8u9QbWupWjkQXsrqP7yG/zR+N31ttcQI/mwyKj02+i3rQXDZO8ldBKhrfiRHYeJayBe7LvipqGWKeMSROHU9xVHFrs1jOMumdBB5VVuNuDLXiKwMyxKLyEflsduf8A9TVtUUjL4kqr2Xc1aLaeUEuURPC/DNrw5osdlboocjmlfHzv3P0ry4jtvHtVAG6mrKEAFROtMkds8r7Ko3q8W3LJjOPiYlxBHcT8Q2dvFn4AT9zt/NWbRMXHEXhQqRFaoE/T+aZKol4jgnkwkXvALEnAUA5/irJpNqmi6fLdzj8+5YyHI3APQVq+xXtIutlIHtwAc8u1OarHDWoPPcujBeSRSfXIP+jVmpaSwzoQeYpi0A0maKqXOwaKQUVJA5opaSpICqn7R11N+GJBpspTOVmUAZdCMEZPTrVsplq9t71ps0Pdht6HtUrsvWouaUuilezTjG81GzTTdXjm8RfhgupFOJMf0lv7h+9aGa+d9bOpaW1xFZXc8MKyB2jVtgc5BHkdgftWucE8U3GqWCWusqkOoJHzcwI5Z0/vGP3qzXuaajTyontl/ZlmnHNgHp3pobh1k5Rt3xjanXiRXMRaF1cD+01E3EN1HMXRiUqMfMTm8cokZ7iM2rEd/wBjTCa4WOBTkdMk00Ek3Pyybg+VR2t3ieD7tHMFCIXmf+xBuSavCOWLW2vblDa91x5pDBaAkd2HU1wv4hPCQlvK5PflNVez4uEzyLpbLHGhxkD4iPMnvUxacSXjYEj848mFN7Wl4o5Lkt/8RvI/h0/U7eTxpY5FXHTlOKk7GR4SJ0yrbc652alsNZHMr8xAPVSdjUrHBb3781s3I3VlI2FKSk2/JHVqglHwZ0L2WS7a0SNg2AQ+NgD/ADT8sloeaViVY/OR0+tekFtHAuFGW6Fj1NdyojxlJAGVhgg96z4G0pe4M4Zcggg1XeLpvC0gjOC7AU9liubTPupMkQ35Cd1rO/aXqjax7poNo+ZmbxJSNuRfM/8A3atIR5yZTllbWVHVOIDY3hMSq0sbcw5hkA+tWLTNbveItKS8uVCuGK4Awpx3FQFr7O9Sv7vM13GIXOfE3LP57Vq+j8Lw2VjHbBPCt4wAoO7N/wB1ec17FY1JIodzqlzw7qWnXxyIkuMSADOYz837b/ateVgyhlIIIyCO9ZZxPxHBea1daFpdlBJFFaywyTuPiU4+Ig/bH1q5cCagdQ4UtSxJe3zAxP8A67D9sVhN5Y9XTJU7/bOCx0UUVQgUUUCipIHdFFFSQJXMqlomUdSCBXdJQBinF0eA914TIZbj5HHQBRj7b1T4fxNdVtfw+Z/F5isUZkwqk9RudgfKtE9o9qttpqXYkYr7yyhOXbYYO3/5zWc8jSYZHK4+IMDgjyIphYxlHYUlrKNkviRrHB/EFzFdxw38bRO7CKdSc8jnp9vWrpqpeG3Z4lJJIzjsKwjhW71hOIJZpBcXsHKDcvu/KvZvt/jNbnpV6b62MNx8TAYz5iom9zyzgOLg3W+Cl69qjLZ5SUg53wcGqXPqsttaTwleY3MTJIW8mH8Vp2ucIrcM0lv8JY5x6/zWYcS2aaTeG3uruPxTvyMpDAetMQcZLCOZKuyM8tEbwnp13+ITGONZIjGeYBwG+w6mr1o2lHUZwkTA58+1UG2jldTJaSc2N8odx/NSmhcVX+haktywMqg4dSdyKnyS4CajZNOSNG0/hy7kmYPIIokJz3Jq4WdrFbW4it05Fxux6mo/QOJ9K1+28W0mUOfnjbZlPqKieI/aLY8O6ito1rJOA3LI6MAFNLNTm8YH6YVwXiy2I4VMk4rlm5hzMeVP81G6drOkapanULW+je3QZdmbATbO+elR93r66jP4GmAzAdZeij/dZqLyazmorkc6rrRgiMVqMM2waq1p/CAk1OfUJlLzXJDMGO5wB1P2qyWOkNkySnxJD/Ww2H0qSysMfJDgt3arOSSxEzjGUnun/g8INPtLBQxUPKOgHb0FVLjjjyLQUW1iHi3UpAZFbHImd8HscbZqf1jVrLRtLnv7u4CxxoTsfiY9gPrWQX+t6PxBax3Edg/4t4heeaRvgVRnCKCcYxjt29aosLsaqrlbNRiTkotAs+uLYRaeJrflitkABGRgEgehqf8AZZdeLpuoW+CPBuBse2R/1WZ3V3NLISX8SVzgBj1NaH7HmD6ZftuWaVSzHucHpUPrJ2tdKFNSojyzRaKWiqHHAUUUVJA7oooqSAooooAz/wBp1sG0KV5QgjEq+GTgcrnuc9Qe9ZBIZImaJ15COozuD3BreuKdJk1lJrMqnhvbko7qDyyZx38xkVhOqQyLcuCJE5AFaSRCueXbcee2P3raHDNKbXXPcvY7tNX1LSy9zp1wYZAvK2ADzL960z2T6/NfactjdRSB4V5YpWX4ZFHYHuRt+1ZjZFZDyjck7mrR+IcQaTBp+kaTcEQeMBFGigOZCemT2ySN6iXeDo63S74q+HK/fJtctxHEv5pAB8zWSe07hS7mvm1205ruzkUBwmWaEgY/SrVquuSHSDFcokGqoAJoA4Yrn+oeh7UcPcQx28KQSHfvmtK4tR3o85ZqFG3ZIzDgbR9Tl15Jbe3aW0QETvj4cEbA+Rz2q3apwdDdzGW2HJnqh7GtNgu7adDIjAeeK85LaznnDsF5h+9CuafRNlMbFlMyVOENRsJlktJWjlG/MrY5ahOK7LUIbOa7uAZnZhzsFOx6c1bmLC1DE85/WkNnYgFWiEisMMGGQR61f8xx0ZQ00oSzuPm3Q9I1bXbuPTLZpWWdwSmTyZH9RHTYd6+j9P0y10u0ito/j8NQCfMjua8VbTNKR0tYLe2UnLLBGEz9cCmF1rUrKUt05M7BmrGT3De6KJm4uljGZpVjToFzVZ1biVUBjt0JUde2ajrxJHDPeXnOmc5P+MVUOJOJbO1VbUFh4hOSnzIvpQkkZuUpPCGHFPFlprjzWNwJSIciIRbBpPM/Sqzbk28QAbGNya4MNubp5bVXEJ+QP1xXqI3lZVUDBOMk43/6qp3tNBaev1Jd+x0n/NlB5iOb4Ez5nof1x9jW1eyyHw+Fmcrys87ZGMY2Hbt1NZDZ2qrbe/SJtGpESSLjnb+cEAn9K272feJJwdZ3E5YzXHNJIW6k8xH+AKrJcZOfZY5zbfZZaKUClxVCpziiusUUAOKKKKkgKKKKAIbiXna3tos4innEU2B/SwP+qx7iWyXUdev47CMTMZOZ0RTksTvg9PPJ862nX7ea50K7itziYxEofI1kfGUFvYG2/D4fEuwczqBnOcZz9cU1CO6t47QtKW25J9MrAtvwuVnMqXDK35vIScHzIPbPerroNrFqOq2njMSJYubHQgjyx033yKrd1LplndSX7PK8spLyWgGCCfmD+QzXrw/qVzDKW505IGJRScN0GV9fTzArHtnoNHq1XB0zfD6fyz/onZeF5P8AzQiDWgryrzCS7Yv4p6chz1OKmvw+0133htNZUurVyk1urZ5SNsg91PY1H31rbavF4rYkt50GG6qDimfDcVvpfFH/ACtV9yWIflznAD9yjHpitYyceUxPXfhUXHdFZXv80SMF3qGlP4cityg9DUxbcSRMnLISp9amIG0riW3eW3kSQqSrFOox3+hqL1Lgr3hGjglwGGCVblYfStPUhL4lhnm3pbq34PKPUanA+MXQGe3NXlNqceCGuDj6mqbN7IJfHLLdTBc53Gcfep+04QntbcQGSeUA/PI2WNVWz5l5wsS8eTuXWrOHmJfONxgdaiL/AIpjRCYB0GWLYwK54mgseHbdZL34pZPkhDfE3/VU2SS24g0yWNluYb1XHJHGPyQM/wBXfOM1EvTX9TbT0X2y2pDvWeIr+Sx95RGkhLcqOPkB/wAmqzIPfQkksAEwOXfmJL/XsKk7fh5ox8xJHXbpTiLTYpr1bASLCxH5k0rYWIZAyf1FY7snpqfwyGlh6t7ImOLL4OBGqkuxOAMDOM+Z6CveG0SUFgORSGCoMEquCRnucfuauzwPoZg0nTrBZYJWUe8MgdpWO4bPkdiPp51A8VCDTro29kFligHhyEY2x/TkeRLVCe5pCWptlLzf+CDvLr30wtaKQsXwpGBuc4zt5k19IaVZ+4aVaWeQTBCkZI7kADNYTwFpL6lxtZlVzErCdyMbcu/+cV9AgVe7jEUI185kzpRXWKFFdYrA2OcUV1iigg7oooqQCiiigBCMjFZzrum6fo7X7GEzTTfEVckmUY2UVo9Res2YeMXkdqs88HRcbkdwK3os2S+ovqK98TArq0u9Nnmk1NnUT4cqGwRvkfcV4RRPIjSwqywybNIAcAA98dOg27bVatU0mfXLmS7vj4NoOZ44sjKN15T5VVorvmvBbQxJLbo2TnovqPUfvTN1eeTKi7HD/wDC26VqUnMLezt1MDhvHgDgNGM4DAd+o3/3Uja6FFrqeKkgli5QMjy8j61XNMQ2d/be7hbgPIiDw2Cs5J6bbjp0OB32r24eupdMtbyRLgLzt4nKpwrDOAFFKJvOH2d7Sa2dS258X/fH6E1Z8NX3Duuw3thqLW9mH/OYDm8Ne+R3Wr9acVaNfaj+GpfwyXHKCrKfhkPkD5+lUsDVQonQtIrDOVyd/I1Vdf0a4Ia8tbdo2zllVSM/T19KG1J8mmo0Hj6lTT+n+jcZS8Yypqm8We0I6FYlrK2kupGPKs3hnwVby5+hPXYeVU3W7njSXgvT5J79JrS6AQCJ/wA6QEbBj326/vUbafjP4Omk3tyz2SEMsBUYHfrjPWq8Cem0duoliCHw4qbiTRJLfUtPj9+kfI1DHKwGei98Y2x0+9PrC6fT7Nba3ZVRRvkDLfU1DOBBGHlISPoCdvsK9pIrpJFkuVxAYy/hlfmGx+I9hg+uem9Slk70q9LoIeXlP7/oiaGowavp08UDxRyrkm4CZ6AkjA6nAOPOvOHhoX8kVrBJiJo0LOxxksv7nO4Xp3OaSy04+NBNEQIQYZuSNFQMp2LYbH1yfMY2xTiJzqmmznSr17a4tQYnaIsgYBiVwOoz59e1XjBze2PR5zU6vL3zf6EFqOpahwtqZsoy8CzRLhnPOEfGCVY9zuc+ZqsESRXbWilpROd8jLE+vmaneINQOqwQWd9FjUEGCzdx2q4ez7heK+eDiG8hQiNQtsuNsjbm+3T7UxshTFsQ9SdzSkT/AABwp/43oqG4X/mzqDL35B2WrYBQBXQFINuTyxtJJYOgKWgClqAEopaKAFoooqQCiiigAooooAzz2gcK+KGv4rmaC2PxTLHjGR3P/wBtWaas0FowtdKVX59zgZ5D9a+jJI0miaKVFdHBVlYZDA9QRWY8Y8JSWFx7xp8USWksgZyQMJvvnb9Keot3eL7ErqsPcuii6Tef+MTpe3Ke8zykOsbjIfyOD9djXq8AcvdRq/uzsgMJYllf5iAOx2+mP2dz2OkWUk91fXE0txn4OVl38uVc5C4/So62tblb6SW4DLbshJhdcB13B5h6DO9WtpUuuyKr9vLfH76HUGq6tBJ72LmZBI5jGRyiTfpjqpHl6insPEl7OniQXcrZ2OH3z600mMM2JNKdmsjIzMoXJj5QCM5O2AcA9MAU40zSXu4Vs7NY1vFYAqRgE4JIPr0H/wDaSfyZ6LQ61UcSWYv7fT/hyur3kckjxOVd85PUjPl5VzBxPcCY2rpFdS5xiUfLk9z2Fd67o1zYKk5ZUs1ZVlnT4tycYXzPX9DUZBAt3FywIUVjy8gxzM6nvn5j+wzUYx2O6v8AEqcbdOl9f+f1JT8ZW6geG4t7dyyOyFosE4/tB6D1OKnYOKbK3aSbV4kihmlSSFgOdwGG5BByCMHfsc4qpfiNvBKVScterIZEIA5UJBydtmIz2227iozx55JvddQkacEBVdmLbdh9P8VtClz5Z5y2/Lfuy9axee6QRXekTGbS7dRG0fMSSM9QT1H7Dyr0up7O2s4tTshyO8XM4Y4Dg9SfLBqk6SZ7S5lt3d0jUkBW/cCrZwtot1xP/wAPw5bewgcly47Z+UHz+lPxxXDJzXGU5/vokdC4bHEWvJqc9qRZxLuX6SnsB5itNihSGJIokVI0AVVUYCgdABXGn6dbaZZRWlrGI4ol5VH+/WnWK5ttjsln2OhVWq44RwFroClxRisTQKKWkqQCiiigBaKKKACiiigAooooAK87i3huoHgnjWSNxhlYZBr0ooAyDijg+Hhe9/EreC4uonBCnHPytjA5vvVaubfVdchjv9URrO0WPBflxz4J6/evoGWGOeJo5UV0YYKsMg1n/FfAjyA3VtPPJZwjmNkuTsMk4Hf/ADT1VylxIStpa8o/v6GUJesrtbabGrKw5XZhkEH/ALH7Ve+CoFm1vnikjid3JniCgcg2AA7+ePLFVC+vFS8a0sLERONjhSF+uKleFYY9G1WO9ubrMqvlirYBXuBVranYnjsiu5V/F19zTNc0y31mE2cVsqeGpRGRRzJ26HbFZRr9vL7xOthKSYmKuUOVyBghfJcfrV9HE9vxC72ERiLSZVpQD+cvdcntjr5/Q1XuI9CGiXMFxCvNGdmtz/aT1z6VlRTzmaNL9QsqECix2z6mPDQsLpAcJ328qdxwyS2sS3MLyPzYHL2x1Of1/SnwjtPfZfDeRSF2l5cEZ9ex7VonBPAtzbCC91eV2KDMULE5Gf7v9UzOSr5ZlFOfCIvhbgibV549Wlnmgt2wcMMM4ByMf7rU7a1hs7dILeMRxoMKo7CvUAKMAYApa59lspvkchBQXAUUUVmXCiiigAooooASilooAKKKKACiiigAooooAKKKKACiiigCq8UcFWurxyXVpGsd6d+uA/19axfUtN1a2vJYLtTZrEd0J3r6Tqlce8HScRIlxbKPFhjbKqcNKewz+tN03P4ZPgWsqXxR7M60yFNeEEFoyQT2ikrOr4Ykb7+dP9V1jU9f0q1tFETXYCiVztzfY000vQ2tbhra5EthMsRjPKpLMe+PKr5wZwQ2lsl3fv4xQZgRl3X1Pr5eVMzlGCyxWMHOWEc8H8JTIIL3WLWNZIQGhjO5Vv7j6/4NXoDApaK505ubyzoQgoLCCiiiqFwooooAKKKKACiiigAooooAKKKKACiiigAooooAKKKKACloooAKKKKAG89la3Tq88CSMmeUsucZr2AxRRRkBaKKKACiiigAooooAKKKKACiiigAooooA//Z',1),
(6,1,5,'Guantes de polo',6,1,'algodon','blanco','blanco','data:image/jpeg;base64,/9j/4AAQSkZJRgABAQAAAQABAAD/2wBDAAoHBwgHBgoICAgLCgoLDhgQDg0NDh0VFhEYIx8lJCIfIiEmKzcvJik0KSEiMEExNDk7Pj4+JS5ESUM8SDc9Pjv/2wBDAQoLCw4NDhwQEBw7KCIoOzs7Ozs7Ozs7Ozs7Ozs7Ozs7Ozs7Ozs7Ozs7Ozs7Ozs7Ozs7Ozs7Ozs7Ozs7Ozs7Ozv/wAARCADIAKYDASIAAhEBAxEB/8QAHAABAAEFAQEAAAAAAAAAAAAAAAEDBAUGBwII/8QAPRAAAQMDAgUCAgcHAwQDAAAAAQACAwQFESExBhJBUWETIjJxBxQjQoGxwRUzUmKRodFDcvAWY4KSsuHx/8QAGAEBAQEBAQAAAAAAAAAAAAAAAAECAwT/xAAeEQEBAQEBAQEAAwEAAAAAAAAAARECITESAyJBMv/aAAwDAQACEQMRAD8A7MiIgIiICIiAiIgIiICIiAiIgIoyiCUREBERBGQEUOblEHpERAREQEWOuN0FIRFGA6UjODsB5VnFxC8H7aIEd2bqyWjOoraOup5YPWbM3kG5J2VlJfGc+Ioy5o6k4ymUZZFYU12gndyEmNx2BV8DkDVQSihW9bVikgL93HRo7lBcZXl8jY2F73BrQMklYGG4VLZ/UdJzgn3NOy8Xyv8AWd9VjPsbguI6nst/i6mriS+OkJNOwcgOA525WQt1Waum53DDwcOC1yDSJrTgYWXsZMdJJJLhg5snXQaa6rXfEkSXWYRYmS/07X8kbHSO/oFdUdxiq3Fgy2QDJaVzy40vERFAREQFClQUGPuN0ZRfZtbzykZAzoPmrCnvs4efXYHMP8OhCoXwenc+Zx9sjRgnwrJrGtJwQObXsVvmaPUlR9cqppg4kuedD0HRecAO92ddNOqoVELoyJogOYbgfeH+VVjmErc6a9u66yYxqHH0ahvPo3b5qtpjQZPTVeHsbK305N+hVBplgeWjUBX/AEXrf7+FkaO5ugwyXL4+ncLExyiRvNnB7qsx5zgjTupZKsbQ2Zj4vUa8FuN+ywlZUOqqgv8AuN0YFbeo9rHNY9zQ7cZ0IUscHaaAqccZS05dNsKwDOeTHUnXysiTytJ7BWtKzPNIRudF1sZVC3J/2jCpz1TvRNI3LWNPM7znZVizmfnOMDGO6stH1D8bF+FLNKuIIw1nNsTsru2tcbjFygjl3ONxhUNAMDsqE0z43xhjiMnDsHBwlmzD43JFi7TWulLoJXFzmjQnqFk15bLLlbiURFFQdArSsuNNR4bK7Lzs0alXa064CRlymEg9/MTnuOiC/r7lTXCD0n0zg4fA/mGQVh4pXBxjc0NeNwevyVZupGd1Y3u6262QsdWTFkhP2Ya3Lj5+S7czErIjB137jsrSdv1WbnAzHJ8QXqkqfUYC0tcXNBBB0e3urxzGzRaYOe/RbjKnGQ9oaTkH4XfopeBylpG2x6q1bmnkET/3cn7t3Y9lfAeo0AjVu/lPhq1dE4DnYPf1HRyqQzBwG4A3B3CufaOWM4yQSBnUj/hVtUUxa71YXe4b/wD2rInsXAPsLgOYY0xrlRynmJG46Kxlu9Hb2NfWVEcAe7Ba4418d1fQzRzNZPDI2SNwy1zTkEJF+pkJLOWPPM/udh1XsYiaG4wOy8uAa8ub+OVVaQ8LaKcsgjhdKdmjP4q1oo3Ecx6an5r3Vu9WRsDNgcnyqwHpMxsMa6In+oPMCNcDqFQcAZA/c5AVWeaOKB00juRjWklzuioQSwzwsfFK2Rrho5pyCrCshbHFtyiAO+c/0WyBa5aI3SV7XdGAnP8AZbGF5v5f+m+fiURFyaQrC4WmCue2RxcyRowHNO/zWQUHZBp8kT4ZnRyN5XtOq06+0dK/iRzbnC5zasMZTTAnDNMEbgA5wcnIXTrtbzUM9aMfasG38Q7LXK2hp7rQyUlSzLHj8WnuPOV25uxGn2Orms9ebFcX8ha7NNIdvA+R/PK3KCY6uIIcNHjstFvVsrH1tHa6imj+sEER3HX7VrQSAex7k/PZZjh28yVjDTVILa+lHLIx3+qB1+f/ADqrEbNPFFNE9kjSWu1GN/mPKtaWqeyd1JM77Vgy1x2e3v8A5V1TyNe0EZLTse3heaqna54cMBw1a7sV0nrK7Y4PaHAbaa9F65eo08LQbpxXeLBxCG1MDDQbeyM+9p68x6hb3DNFV0zJoXepHK3ma5p3BSWVWE4l4Yj4homwiUQSxO543EZA8LFcGWy+Wavq7bXxH6mG88coOWc2QPafI6eFuhG39Aoc5rQSSABuTsEz3VeWtDQ4A6k51Xh7nRA8u52C1y9cfWq2F0VM/wCuTjTEfwg+Xbf0ytCu/Gl4uzsGpdTQ50ig0/qdz+XhT9yJlrrtJFzZe74squdSfC1bg3ipt6pPRqXBtbCMPbn96MfEPPdbPJIIoC9zshoyT3XSes/Gr8eXMUVlNK0++qJb/wCI3/55WvcMOrrZfKagjmdJT1MYkkYWEADG+DqMd+vlRe832/VUs5kFJSj0jIzZh6nO2+vyCz/BlGKhj7o6DEkwEMWd+Rumfmcf2XKX+zV+N+scPLC+UjUnAWVVGkgFPTsiGvKNT3PVVlw6u3WpMiURFlRERBBWFu1B6bzVRDDT8YHTys2vLmh7S1wyCMEKy5Rplwt1NdKN1PUs5mu1a7q09CPK0O7UlwZdS8ObDc4TzNexojbOzo8En3OJ0xhdOr6X6nOADmN/w+FgeI6H69b3OpwRV0/2lPI3drh0/Hb8V33ZrLXbdxrAyeCG4RupZDzNnLmkBjhsfGddFtVvu1DeKd0tFUNnbG/kcW98ZWiX+W2XXh+nrnVFO24Na0PjbgPeDoW4G2N1lfoyfTNtdXE1w9f1g94zu3GAR/dZ569XPG31FHT1tM6CpgZNG7drxkKpFFT0FK2NgZBBC3DRnDWNH6LC3biqkt1Q2hpWGtr3uDGU8R2cdg49PzWKbaJ7y8V3El0jdSAk+hTv5YGuDg3lLuvXzot/rEX9VxnHPVihsNObjUOz7weWJuOpd1WAutuvN0NwZc70yGSja17oh7IRkaj8tdV4ufGlvt1NUUVjpoXNeGGGZjORrDgc2QdSdO/4rTrhc6u7Vck9Q8ySyuBcAOUE9NBosddLItXjlJbnY4yDkFVRRVhpPrraSc0oODOIzyA9ubGB+K3/AIQ+jOSocy4X9rmR6FlLnDnf7uw/l3PVdIqYaCC3SQzshiomx8j2vIawNOmDnos5aWvnehr5aGshrIH8skDw9vz/AFXV5uIDceGf2jbI3TynT0WN5jHJpuOwzlc84u4cfw9dOVhL6KbL6aYHIc3tnuP8HqsZbrpWWyo9WknfE47hp38ELXPVnh1J9bfXUlRRUEdAypp5Za0tbyxODpDIT7iS07dMaj5FdR4bt0dPHFEwZjp2BrT5A/4VzmwUIbxJTPqJpauOWMzU0jzk82NR/fK6/b6c01K1p+I6u+avV/MZmVdKURcGxERAREQFClRsgtLjFFLRvEjg0N9wd2K1iGZr+ZrQAQcHmWVu1cJXGNjvs2b/AMxXJ+K+JZqaomZRVL2TTe08hxyMGxH8x1PyIC68yybU33GFvscNBequIhshEziAzbU5/BZ3hawiaOG71dwbSQSNkLY6Z5YcMxzc7x8I1G2T8logkyc9evzV4bnVfs+K3uqHCmhc5zYx15sZz32G6m+6uNsvV+tVludL+wKOjllpOb7Ykua33HYgjmJGNcnstYuN7rLkPSll5YA7mZTxjljYfDf113WNc7Om2FnOGeE7jxNWCOnaY6cOxLUPHtaP1PhS7RYW62Vt4rWUlFC+eZ/Ro2HcnoPK6/wlwBRcPNZWVxZU14GeYj2ReG5/+X5LO8P8NW/hui+rULPc795K7V0h8n9FjOK+IbcykltJnc6oqQY8xOH2Z6cx+fRanLNtXHFPEEllhpvTYCypk9N8odgxg9QO+5/Bc+uF6q66KGmrKiVkEE76eZpkzqclr3Hrrn/1VOlnqLvLNQVEE00lXE2njkBJ9OSMAtPy0APYElblauGqO1Qvud2dE6oMbHTh5Bije0fEMjfrnvnC17SLelsU3EXA0duu8DoKqIuEEjtS3Hwux26Y6hcce10crmEglpwSNtOy37jD6RpK4SW+yvdHTkcr6jOHP78vYedz4XPydd8rHV98WN34PvQNTaIHOzLTVRaAf4S04/wu7RvEjA9vwuGQvmThqTl4kt5/77fzX0bZqtk1HHGXe9jQCP1TreprPMkZJFGVK5tiIiAiKCgZwsdc68QR+lGR6jh/6hYvjfiuLhizOe1zXVs45KePz/EfA/wFx+08Z3W3zufPO6qildzPEpyck6kHorPo3rim9xWqgdzuy5wOG51Pj8ScfLPZchqqh9VUPnldzPkJc44wsjxHeZbvcHzvDmx/6TP4Wjb8dz+Kw6311viSGS3UIfzUjdNiVhptPAvB/wD1TXymon9KkpS0ytB97y7OAP6HXouq1VRT2YU9ktrIaNhZjnccBo16999d1xrhXiOo4auzauMudEcNnizo9v8AnsupcUuguthpOILc8Sthw7OM5YT1HcEDTyV04xjvU3riSqmoDFZqhp9LDJap3t5jg/D3JI/uOmq1W32yt4lqZPTZpVNDppyNIpm/fP8AuG+Orz2WctHDzLxDVRPa+K1VDmVFM9jhlj9csAPYEt/ALKX7iO0cEWxtNBCz1nDMVNHgZ/md2GVupFWT9jcE22armeGyTe6R/wB+Z/Zo/TyuT8U8YV/Es+HuMNIw5ZA06fM9ysdeb5X32ufWV0xe93wt+6wdgFjiuV6343iXOXnKKQ0nQalZ+ivb6kUlxpqk5Aila44+a6fd+O2WZwithElSx2CSMsaOnz6f1XMIoAHBzt1WJHMSCcHddObkxnPX0LwbxTDxRZxUgBlRF7Z4x913ceCtgByF85cKcRTcNX2KtaXGAnlqI2n42H9RuF9EUlTDWUsVTTyCSKVoex42IIXOzGlZERQFaXS401pt01dWSCOCFvM4n8vmrpa/xrw07imwuoGVBgka8Sxn7pcM6O8aoOHcTcQVHE18muE/tYTyxR9I2DYfqsYPee4Ve7WmtsdwfQXCB0MzdcHZw7g9QqDfaNFYKz4myRY364OisJYXxnTVquw7uVJHMFr6mseD5U5VaWlOCYwfICt8rKp1BGP/AMW58BcTst8slluLwbdWjkJJ0icdM57HOv4eVpqgDHySXC+usXHiqj4ItP7JoaptwuBJeTp6cOfl+WfmuXVlbUV9VJVVUz5ZpDlz3nJKoadMD5KCdVbbSTDOVONdVA/PZewzOrjp2UweWsc7/KrNAZsNUBAGBsm5W0SST1Xpuy8KtS009VMyCnidLLIeVjGjJcVR5yNicLs/0Rm6tsMrauJzaIv5qVztzvzY8Z/VWnCn0UUsFMypv49eodhzYGuPJHjXXHxfkukQxMhibHGxrGMADWgYAHZc7VexsilFAUHZSiDD8QcM23iSj+r18IJH7uVuj4z3BXD+K+C7nwrUkzj16Nzvs6ljdNejuxX0QqNVSwVlPJT1ETZYpW8r2OGQ4eUHy+NV6DiBhdA4y+jGa2c9wsTHz02pkpt3R+R3H9/mue5Idg6EdCtSio12ucKlNA14Lh7X9wvQd5XrmGy0Me5pYcO3UjUYV3M1jm6npurQDBHZYVB0CjG56DdZGzWWtv8Ac4rfQR880m5I0YOpPYLsVT9EViksUVJCZI62JhxV5yXvx1HbPQIjiEQGTnUjZe1c3W01ljuU9vrYvSqITr2cOhB6gq1zkLUolBuoWRslkr7/AHNlvt8XPI/4nH4WN6uceyuo82q11d5rmUVBA6aZ50DdgO5PQeV3Lg3gSj4Yp2zStZUXF4985GjfDfHncq94U4RoOFbf6FOBJUSAetUFuHPPbwPC2BYtVAUoigIiICIiAiIg8lowtD40+jWlvYkr7UGU1eRlzdmTHz2Pn+q35Qg+Xq2iqrbVvpa2B8E0Zw5jxsqGQvovijhG2cU0fo1cfJMwfZVDB72H9R4K45xP9Hd64bpjVn06qmDiHSQ5JYOhcMaBXRqT3knAXqGKSeZkEMbpZJDytY0ZLiegCp47brsX0Y8BG3iO/wB0jxUSMzTwOGsQP3j/ADEdOmVBsP0fcIt4YsgNQxv1+pAfO4a8vZmfC2zAQKUGpcc8DU/F1Mx7JG09dCD6cxbkOH8LvGVwm7WmusdwkobjA6GZnQjRw7g9QvqLCwnEvCts4pt/1WujIc3WOZmj4z4Pbwg+e7LZq2/XKOgt8HqSydT8LB1Lj0C+guE+FKLhW2Cnp2h88mDPORrI79B2CnhfhO2cLUJp6GMvkfrLPIAXyHz2HhZxNAAAYClEQEREBERAREQEREBERAXiSNsjHMe0Oa4YIIyCF7RBpkH0Y2Kn4lF5jjIa08zaUgGNr/4h/jZbiBgBekQEREBERAREQEREBERAREQEREBERAREQEREBERAREQEREBERAREQEREBERB/9k=',1);

/*!40000 ALTER TABLE `prenda` ENABLE KEYS */;
UNLOCK TABLES;

--
-- Table structure for table `atuendo_prenda_basico`
--

DROP TABLE IF EXISTS `atuendo_prenda_basico`;

CREATE TABLE `atuendo_prenda_basico` (
  `id_atuendo` int,
  `id_prenda` int,
  PRIMARY KEY (`id_atuendo`,`id_prenda`),
  FOREIGN KEY (`id_atuendo`) REFERENCES `atuendo` (`id`),
  FOREIGN KEY (`id_prenda`) REFERENCES `prenda` (`id`)
) ENGINE=InnoDB DEFAULT CHARSET=latin1;

--
-- Dumping data for table `atuendo_prenda_basico`
--

LOCK TABLES `atuendo_prenda_basico` WRITE;
/*!40000 ALTER TABLE `atuendo_prenda_basico` DISABLE KEYS */;
/*!40000 ALTER TABLE `atuendo_prenda_basico` ENABLE KEYS */;
UNLOCK TABLES;

--
-- Table structure for table `atuendo_prenda_abrigo`
--

DROP TABLE IF EXISTS `atuendo_prenda_abrigo`;

CREATE TABLE `atuendo_prenda_abrigo` (
  `id_atuendo` int,
  `id_prenda` int,
  PRIMARY KEY (`id_atuendo`,`id_prenda`),
  FOREIGN KEY (`id_atuendo`) REFERENCES `atuendo` (`id`),
  FOREIGN KEY (`id_prenda`) REFERENCES `prenda` (`id`)
) ENGINE=InnoDB DEFAULT CHARSET=latin1;

--
-- Dumping data for table `atuendo_prenda_abrigo`
--

LOCK TABLES `atuendo_prenda_abrigo` WRITE;
/*!40000 ALTER TABLE `atuendo_prenda_abrigo` DISABLE KEYS */;
/*!40000 ALTER TABLE `atuendo_prenda_abrigo` ENABLE KEYS */;
UNLOCK TABLES;

--
-- Table structure for table `atuendo_prenda_accesorios`
--

DROP TABLE IF EXISTS `atuendo_prenda_accesorios`;

CREATE TABLE `atuendo_prenda_accesorios` (
  `id_atuendo` int,
  `id_prenda` int,
  PRIMARY KEY (`id_atuendo`,`id_prenda`),
  FOREIGN KEY (`id_atuendo`) REFERENCES `atuendo` (`id`),
  FOREIGN KEY (`id_prenda`) REFERENCES `prenda` (`id`)
) ENGINE=InnoDB DEFAULT CHARSET=latin1;

--
-- Dumping data for table `atuendo_prenda_accesorios`
--

LOCK TABLES `atuendo_prenda_accesorios` WRITE;
/*!40000 ALTER TABLE `atuendo_prenda_accesorios` DISABLE KEYS */;
/*!40000 ALTER TABLE `atuendo_prenda_accesorios` ENABLE KEYS */;
UNLOCK TABLES;




--
-- Table structure for table `usuarios_mediosenum`
--

DROP TABLE IF EXISTS `usuario_mediosenum`;

CREATE TABLE `usuario_mediosenum` (
  `Usuario_id` int ,
  `mediosenum` int ,
  PRIMARY KEY (`mediosenum`,`Usuario_id`), 
  FOREIGN KEY (`Usuario_id`) REFERENCES `usuario` (`id`)
) ENGINE=InnoDB DEFAULT CHARSET=latin1;

--
-- Dumping data for table `usuarios_mediosenum`
--

LOCK TABLES `usuario_mediosenum` WRITE;
/*!40000 ALTER TABLE `usuario_mediosenum` DISABLE KEYS */;

/*!40000 ALTER TABLE `usuario_mediosenum` ENABLE KEYS */;
UNLOCK TABLES;


/*!40103 SET TIME_ZONE=@OLD_TIME_ZONE */;

/*!40101 SET SQL_MODE=@OLD_SQL_MODE */;
/*!40014 SET FOREIGN_KEY_CHECKS=@OLD_FOREIGN_KEY_CHECKS */;
/*!40014 SET UNIQUE_CHECKS=@OLD_UNIQUE_CHECKS */;
/*!40101 SET CHARACTER_SET_CLIENT=@OLD_CHARACTER_SET_CLIENT */;
/*!40101 SET CHARACTER_SET_RESULTS=@OLD_CHARACTER_SET_RESULTS */;
/*!40101 SET COLLATION_CONNECTION=@OLD_COLLATION_CONNECTION */;
/*!40111 SET SQL_NOTES=@OLD_SQL_NOTES */;

-- Dump completed on 2019-08-29 20:37:05

